id,link,name,year,longtitude,lattidue
1,https://drive.google.com/file/d/18SET4S6qkPNlnE4irZb1Lbo8CwZVjo0V/view?usp=drive_link,Paris,1843,2.3514,48.8575
2,https://drive.google.com/file/d/1lXULZHN4Z7VCz6-XZEE3wbClaiOukfy5/view?usp=drive_link,Niagara falls,2010,-79.04786,43.096
3,https://drive.google.com/file/d/1-U1BttjNSe3j7ZZnuVmoTbGMS1huX7Fq/view?usp=drive_link,Boston USA,1860,-71.0551,42.3548
4,https://drive.google.com/file/d/17MVRafBRKRuonj0XwX3jKi4ra841-NNm/view?usp=drive_link,Singapore,1906,103.8538,1.2796
5,https://drive.google.com/file/d/1ioCP-jH1vaUtRmmBZ2GPy78-X9Tto8Ss/view?usp=drive_link,New York ,1932,-73.9795,40.7164
6,https://drive.google.com/file/d/1w0J_p3zkKT2IUG2nlE1a69ApujNZLyUs/view?usp=drive_link,Iwo Lima Japan,1945,141.317,24.7891
7,https://drive.google.com/file/d/13Jm7EsCKOnOfoeFiR7JNEnPss3chB-BO/view?usp=drive_link,Chicago,1893,-87.6385,41.8832
8,https://drive.google.com/file/d/1k2P3ILVu2VxrzhC6hlI-n9FZJhcYD4R7/view?usp=drive_link,Cuba,1980,-79.078,21.5136
9,https://drive.google.com/file/d/150QZuVpIdqwhJZpg8G6GxgDoV-c40ofm/view?usp=drive_link,Germany,1989,10.6472,51.0568
10,https://drive.google.com/file/d/1yfY0Hul-zWHqpm3p4UVPWcN-Y-Sf7jK4/view?usp=drive_link,India,2010,79.6616,23.0197
11,https://drive.google.com/file/d/1i76gZguBl6Lo6_g9eLke_-EEsGcoCBE2/view?usp=drive_link,Ireland,1888,-8.1632,53.1999
12,https://drive.google.com/file/d/1I2PlnN5kebKeP6o1r1RujK4eQ_e-5Flx/view?usp=drive_link,Japan,2015,138.4528,36.5816
13,https://drive.google.com/file/d/1XW_MIYhDL7xBbDuwW1Paj4Gv-x_h-_BZ/view?usp=drive_link,Nepal,2000,83.9063,28.1978
14,https://drive.google.com/file/d/1W9ZmVA1_rM8abKSnu3I8DVxurCTcRTJJ/view?usp=drive_link,Russia,1905,94.655,61.9997
15,https://drive.google.com/file/d/1U3rsCWoCuZ-uXoNMxCHha23QMZd35Dd8/view?usp=drive_link,New York ,1907,-73.9795,40.7164